k,tau,f(u),f(v),"q(u,v)",||x-y||
0.0,1.0,65.6204957765091,104.78931863580584,65.66331606972724,0.0
0.0,1.0,65.6179778590975,105.1872449438161,65.6615583207011,0.0
0.0,1.0,65.61796414017786,105.19538255938915,65.66155803597276,0.0
1.0,1.1,65.61807749431699,105.13348701518814,65.6659119791548,0.2952757890342423
2.0,1.2100000000000002,65.6182151520826,105.06488284026861,65.67068873004003,0.2949098008106861
3.0,1.3310000000000004,65.61838066740415,104.98978534892643,65.67592801680026,0.2945049858771254
4.0,1.4641000000000006,65.61857952742898,104.9076329857069,65.68167303254945,0.2940618144334406
5.0,1.6105100000000008,65.61881828662464,104.81781088512236,65.6879706847251,0.2935769505374262
5.0,1.6105100000000008,65.61882180267591,104.81622823014416,65.68797068104665,0.2935769505374262
6.0,1.771561000000001,65.61910482992997,104.71962448073361,65.69487185109489,0.2930392910379713
6.0,1.771561000000001,65.61910935542363,104.71776554585159,65.69487184600001,0.2930392910379713
7.0,1.9487171000000014,65.61944826009974,104.61242901075809,65.7024316417195,0.29245837586333256
7.0,1.9487171000000014,65.61945418223186,104.61021125015881,65.70243163440163,0.29245837586333256
8.0,2.1435888100000016,65.61985960071021,104.49544594510138,65.71070966144121,0.29182375918015196
8.0,2.1435888100000016,65.61986733825762,104.49280356030542,65.71070965094952,0.29182375918015196
9.0,2.357947691000002,65.62035180824691,104.36787686378173,65.71977027280003,0.291130930359834
9.0,2.357947691000002,65.62036190025307,104.36473305899653,65.71977025778735,0.291130930359834
10.0,2.5937424601000023,65.62094016645108,104.22887672744383,65.72968285288667,0.2903750942371106
10.0,2.5937424601000023,65.62095330465874,104.225142159305,65.72968283145092,0.2903750942371106
11.0,2.853116706110003,65.62164266100763,104.07755480093994,65.74052204004138,0.28955116790498775
11.0,2.853116706110003,65.62165973008877,104.07312591839104,65.74052200950537,0.28955116790498775
12.0,3.1384283767210035,65.6224804017265,103.9129764802733,65.75236796444429,0.2886537850573699
12.0,3.1384283767210035,65.62250252890144,103.90773375699186,65.75236792105416,0.2886537850573699
13.0,3.4522712143931042,65.62347809453422,103.7341661651966,65.76530645590208,0.2876773056530525
13.0,3.4522712143931042,65.62350671029765,103.72797225212565,65.76530639441486,0.2876773056530525
14.0,3.797498335832415,65.62466456443192,103.54011134311529,65.77942922125798,0.28661583189583806
14.0,3.797498335832415,65.6247014762393,103.53280918126205,65.7794291343826,0.28661583189583806
15.0,4.177248169415656,65.62607332902513,103.32976805380389,65.79483398302503,0.28546323158935744
15.0,4.177248169415656,65.62612080985753,103.32117900220047,65.79483386066897,0.28546323158935744
16.0,4.594972986357222,65.62774322016628,103.10206790226044,65.81162457011014,0.2842131699590133
16.0,4.594972986357222,65.62780411385796,103.09198995262045,65.81162439837424,0.2842131699590133
17.0,5.054470284992944,65.62971904863707,102.85592677700788,65.82991095094216,0.28285915102742265
17.0,5.054470284992944,65.6297968936615,102.84413294463539,65.82991071078771,0.28285915102742265
18.0,5.559917313492239,65.63205230358454,102.59025541134963,65.84980919899795,0.28139456956976205
18.0,5.559917313492239,65.6321514766152,102.57649241039584,65.84980886449868,0.28139456956976205
19.0,6.115909044841463,65.63480187464978,102.3039718935583,65.87144138075229,0.27981277454585096
19.0,6.115909044841463,65.63492775457283,102.28795922252579,65.87144091682457,0.27981277454585096
20.0,6.72749994932561,65.63803478043855,101.99601618696943,65.89493535653055,0.2781071446900161
20.0,6.72749994932561,65.63819393255304,101.9774457657362,65.8949347160175,0.2781071446900161
21.0,7.400249944258172,65.6418268823445,101.66536666110866,65.92042448572823,0.27627117662151884
21.0,7.400249944258172,65.64202726120322,101.64390317163225,65.92042360570144,0.27627117662151884
22.0,8.140274938683989,65.64626355798998,101.31105855960217,65.94804722945761,0.2742985854034208
22.0,8.140274938683989,65.64651472568715,101.28634064643194,65.94804602658738,0.2742985854034208
23.0,8.954302432552389,65.65144030405494,100.9322042400839,65.97794664594738,0.2721834169159604
23.0,8.954302432552389,65.65175365878218,100.9038467213517,65.97794501078997,0.2721834169159604
24.0,9.849732675807628,65.65746323451043,100.52801491724102,66.01026977698174,0.2699201707195829
24.0,9.849732675807628,65.65785224195099,100.49561213947203,66.01026756704307,0.2699201707195829
25.0,10.834705943388391,65.6644494378524,100.09782352588934,66.04516692728252,0.2675039312701591
25.0,10.834705943388391,65.6649298555966,100.06095396484938,66.04516395874023,0.2675039312701591
26.0,11.91817653772723,65.67252715654536,99.64110820176433,66.08279084290866,0.2649305044369275
26.0,11.91817653772723,65.67311723940432,99.59934036557962,66.08278688092089,0.2649305044369275
27.0,13.109994191499954,65.68183575425536,99.15751576071978,66.12329579926201,0.26219655530159214
27.0,13.109994191499954,65.68255642640156,99.11041539097778,66.12329054685914,0.26219655530159214
28.0,14.420993610649951,65.69252544228272,98.64688445132907,66.16683661385638,0.2592997422440031
28.0,14.420993610649951,65.69340042089158,98.59402294482337,66.16682969950264,0.2592997422440031
29.0,15.863092971714948,65.7047567464289,98.10926517191726,66.21356760321589,0.25623884142578796
29.0,15.863092971714948,65.70581260130166,98.05022906412125,66.2135585672423,0.25623884142578796
30.0,17.449402268886445,65.71869970960597,97.5449402919889,66.2636415066284,0.25301385506654933
30.0,17.449402268886445,65.71996584445188,97.47934155922368,66.26362978686966,0.25301385506654933
30.0,17.449402268886445,65.7201745283565,97.4695297774785,66.26362940739264,0.25301385506654933
31.0,19.19434249577509,65.73457389141223,96.95273577741142,66.31720763086123,0.24957809560144764
31.0,19.19434249577509,65.73604947531797,96.88160753468117,66.31719328750873,0.24957809560144764
31.0,19.19434249577509,65.7363074922905,96.8703405614688,66.31719276154129,0.24957809560144764
32.0,21.1137767453526,65.75249738245762,96.33641574326396,66.37441351832064,0.24602178179518247
32.0,21.1137767453526,65.75423912322398,96.25839349903575,66.3743953264422,0.24602178179518247
32.0,21.1137767453526,65.75456227030716,96.24529460806463,66.3743945709504,0.24602178179518247
33.0,23.22515441988786,65.77269217585649,95.69568937652633,66.43540020386928,0.24230877248217036
33.0,23.22515441988786,65.77473429615267,95.6105716998845,66.4353773230298,0.24230877248217036
33.0,23.22515441988786,65.77513541955886,95.59545671807561,66.43537625121888,0.24230877248217036
34.0,25.54766986187665,65.79535517320829,95.031859851342,66.50030349393788,0.23844426551663903
34.0,25.54766986187665,65.79773304063053,94.93952264307183,66.50027496638727,0.23844426551663903
34.0,25.54766986187665,65.79822642505778,94.92221460783821,66.50027346534971,0.23844426551663903
35.0,28.102436848064315,65.82068597615006,94.34650158442162,66.56925254503969,0.2344350034009691
35.0,28.102436848064315,65.82343577858859,94.24689900440501,66.56921728936045,0.2344350034009691
35.0,28.102436848064315,65.82403710440195,94.22723172807841,66.56921521452122,0.2344350034009691
36.0,30.91268053287075,65.84888574986383,93.64144220908472,66.64236901144133,0.23028892473962623
36.0,30.91268053287075,65.8520439630314,93.53461239221926,66.64232582325215,0.23028892473962623
36.0,30.91268053287075,65.85277017706773,93.5124353787636,66.6423229927491,0.23028892473962623
37.0,34.003948586157826,65.8801561306366,92.91874704925749,66.71976624494454,0.22601499753364448
37.0,34.003948586157826,65.88375897176172,92.80481586673636,66.71971380085134,0.22601499753364448
37.0,34.003948586157826,65.88462811127502,92.77999905685209,66.71970998993973,0.22601499753364448
38.0,37.40434344477361,65.91469849681823,92.18069845178584,66.80154851417545,0.2216230116246423
38.0,37.40434344477361,65.91878139463813,92.05988114656927,66.80148537869597,0.2216230116246423
38.0,37.40434344477361,65.91981237468735,92.0323192753157,66.80148031445962,0.2216230116246423
39.0,41.14477778925097,65.9527136957694,91.42977058756716,66.88781020106207,0.21712333655253205
39.0,41.14477778925097,65.95731080242865,91.30237128863297,66.88773483601949,0.21712333655253205
39.0,41.14477778925097,65.95852318016631,91.2719876896603,66.8877281926678,0.21712333655253205
40.0,45.25925556817607,65.99440228078237,90.66860060172553,66.97863492047686,0.21252665615800898
40.0,45.25925556817607,65.99954604443883,90.53500983117556,66.9785456961451,0.21252665615800898
40.0,45.25925556817607,66.00095977542514,90.50175957410463,66.97853709113983,0.21252665615800898
41.0,49.785181124993684,66.03996526140344,89.89995712210572,67.07409450092904,0.20784369393328667
41.0,49.785181124993684,66.04568606837714,89.76064749368675,67.07398970811744,0.20784369393328667
41.0,49.785181124993684,66.0473212693123,89.72451979878895,67.07397869929255,0.20784369393328667
41.0,49.785181124993684,66.04782762841162,89.71424640995212,67.07397733833099,0.20784369393328667
42.0,54.76369923749306,66.08978158308216,89.1234785029389,67.17424140650506,0.2030347221269791
42.0,54.76369923749306,66.09599539111812,88.98113194638313,67.17412473093354,0.2030347221269791
42.0,54.76369923749306,66.09783183637842,88.94285618102185,67.17411157405827,0.2030347221269791
42.0,54.76369923749306,66.09842056333605,88.93159595473554,67.17410980508441,0.2030347221269791
43.0,60.24006916124237,66.14374960472267,88.34798170300309,67.27913063810573,0.19820382075735768
43.0,60.24006916124237,66.15056872611407,88.20141031881258,67.2789964200002,0.19820382075735768
43.0,60.24006916124237,66.15265546630417,88.16048156662606,67.27898010752675,0.19820382075735768
43.0,60.24006916124237,66.15334833584598,88.14800861720374,67.27897772187258,0.19820382075735768
44.0,66.26407607736661,66.20221605428264,87.57376973177531,67.38878553852885,0.19331696938966483
44.0,66.26407607736661,66.20966147078622,87.42364270314215,67.38863213840744,0.19331696938966483
44.0,66.26407607736661,66.21201665799245,87.38016194113925,67.3886121248938,0.19331696938966483
44.0,66.26407607736661,66.21282496387212,87.36645538650978,67.38860895459254,0.19331696938966483
45.0,72.89048368510328,66.2654009691928,86.80377054735584,67.50321552479417,0.18838212678352578
45.0,72.89048368510328,66.27348915956972,86.65082911498993,67.50304137698292,0.18838212678352578
45.0,72.89048368510328,66.2761297030674,86.60494196172897,67.50301708613011,0.18838212678352578
45.0,72.89048368510328,66.2770645927578,86.5899995915374,67.5030129363128,0.18838212678352578
46.0,80.17953205361361,66.3335297239218,86.0409179059948,67.62240914461673,0.1834068987372447
46.0,80.17953205361361,66.34227378588466,85.88594231199869,67.62221269440884,0.1834068987372447
46.0,80.17953205361361,66.34521574084039,85.83782940172037,67.62218351064391,0.1834068987372447
46.0,80.17953205361361,66.34628833539907,85.82166516364234,67.62217815666472,0.1834068987372447
47.0,88.19748525897498,66.4068356706469,85.28808562994544,67.74633116521545,0.17839793605394344
47.0,88.19748525897498,66.41624502560671,85.13188411274189,67.74611087807497,0.17839793605394344
47.0,88.19748525897498,66.41950343635344,85.08175936743419,67.74607614872023,0.17839793605394344
47.0,88.19748525897498,66.4207247500101,85.06440389011229,67.74606933539415,0.17839793605394344
48.0,97.01723378487249,66.485559626905,84.54805889203624,67.87491947578688,0.1733609589723424
48.0,97.01723378487249,66.4956395867735,84.39145671283015,67.87467385122108,0.1733609589723424
48.0,97.01723378487249,66.49922826975725,84.3395652413488,67.87463288897601,0.1733609589723424
48.0,97.01723378487249,66.50060911456126,84.32106626562472,67.87462433029852,0.1733609589723424
49.0,106.71895716335975,66.56994801358493,83.82350776194329,68.00808181923232,0.1683008560859213
49.0,106.71895716335975,66.58069923061586,83.66733585696196,68.00780940912331,0.1683008560859213
49.0,106.71895716335975,66.5846304911613,83.61395121911406,68.00776149481754,0.1683008560859213
49.0,106.71895716335975,66.5861813579927,83.594373824933,68.00775087404668,0.1683008560859213
49.0,106.71895716335975,66.58683731696198,83.58669482774039,68.00774815699418,0.1683008560859213
50.0,117.39085287969573,66.6605507540786,83.11372985289103,68.14567711574922,0.1631840190696004
50.0,117.39085287969573,66.6718159577502,82.96057728096065,68.14538779631911,0.1631840190696004
50.0,117.39085287969573,66.67602757545473,82.90675903812522,68.1453350901683,0.1631840190696004
50.0,117.39085287969573,66.6777224450407,82.88653626668196,68.14532289553082,0.1631840190696004
50.0,117.39085287969573,66.67845330317937,82.87843236892061,68.14531959618282,0.1631840190696004
51.0,129.1299381676653,66.7570731938973,82.4271271328694,68.287569792154,0.1580858990367003
51.0,129.1299381676653,66.7689680526073,82.27622437940377,68.28725357433923,0.1580858990367003
51.0,129.1299381676653,66.77352623417605,82.22163185080845,68.28719326833419,0.1580858990367003
51.0,129.1299381676653,66.77540207765372,82.20056851732883,68.28717861218152,0.1580858990367003
51.0,129.1299381676653,66.77622842930555,82.19192398752844,68.28717441034529,0.1580858990367003
52.0,142.04293198443185,66.85998875221264,81.76314196857342,68.43354637235086,0.1529769490659678
52.0,142.04293198443185,66.87249755839238,81.61522858100398,68.43320207899994,0.1529769490659678
52.0,142.04293198443185,66.87740842582224,81.56017940347593,68.4331334221727,0.1529769490659678
52.0,142.04293198443185,66.87947392148354,81.53838244892725,68.43311594063746,0.1529769490659678
52.0,142.04293198443185,66.88040263138535,81.52922488876845,68.43311064826588,0.1529769490659678
53.0,156.24722518287504,66.96952353968098,81.12367936174272,68.58336242215829,0.14785978875405617
53.0,156.24722518287504,66.98261967677217,80.97948372653383,68.58298936663462,0.14785978875405617
53.0,156.24722518287504,66.98788415711806,80.9243211409331,68.58291169948176,0.14785978875405617
53.0,156.24722518287504,66.99014572219022,80.90192037760184,68.58289103884249,0.14785978875405617
53.0,156.24722518287504,66.99118271025296,80.89229116119591,68.58288445862145,0.14785978875405617
54.0,171.87194770116255,67.08586897589089,80.51048069350801,68.73673013783979,0.14273802646832368
54.0,171.87194770116255,67.09951745083924,80.37067812506487,68.73632788949614,0.14273802646832368
54.0,171.87194770116255,67.10513246315912,80.31574865428499,68.73624057253849,0.14273802646832368
54.0,171.87194770116255,67.1075948647669,80.29288626782471,68.7362163658028,0.14273802646832368
54.0,171.87194770116255,67.10874545878573,80.2828357761469,68.73620828391978,0.14273802646832368
55.0,189.05914247127882,67.2091776788663,79.92504309332608,68.89331706386963,0.13761571696633243
55.0,189.05914247127882,67.22333477761603,79.79024442589323,68.89288547846738,0.13761571696633243
55.0,189.05914247127882,67.22929279681347,79.73589031935884,68.89278790230881,0.13761571696633243
55.0,189.05914247127882,67.23195883446274,79.71271778534972,68.89275977066863,0.13761571696633243
55.0,189.05914247127882,67.23322759164842,79.70230462436018,68.89274995734147,0.13761571696633243
56.0,207.96505671840671,67.33955233665483,79.36860077553806,69.05274618423103,0.1324975082211022
56.0,207.96505671840671,67.35416535471703,79.23934357805001,69.05228544639142,0.1324975082211022
56.0,207.96505671840671,67.36045396072342,79.18589586008855,69.05217704934051,0.1324975082211022
56.0,207.96505671840671,67.36332409894536,79.16257073859171,69.05214460648807,0.1324975082211022
56.0,207.96505671840671,67.36471457321824,79.15186081635449,69.05213281741558,0.1324975082211022
56.0,207.96505671840671,67.36542953445161,79.14668051080784,69.05212795308888,0.1324975082211022
57.0,228.7615623902474,67.47742261873387,78.83948016622662,69.21457202194826,0.12736160761320836
57.0,228.7615623902474,67.49227093975065,78.71742066246225,69.21409784133898,0.12736160761320836
57.0,228.7615623902474,67.4987844194346,78.66579890112709,69.21398369056965,0.12736160761320836
57.0,228.7615623902474,67.50180533218611,78.64280729289504,69.21394889084856,0.12736160761320836
57.0,228.7615623902474,67.50328881827,78.63205766844052,69.21393594064445,0.12736160761320836
57.0,228.7615623902474,67.5040606038134,78.62677639949601,69.21393041475373,0.12736160761320836
58.0,251.63771862927217,67.62205352485273,78.34333258812532,69.3783777118842,0.12226579979372457
58.0,251.63771862927217,67.63720241930119,78.22773357575076,69.37787885477009,0.12226579979372457
58.0,251.63771862927217,67.64399076148962,78.17768032622092,69.37775438956372,0.12226579979372457
58.0,251.63771862927217,67.64719846568141,78.15489499746687,69.37771524261838,0.12226579979372457
58.0,251.63771862927217,67.64879999636776,78.14402393587147,69.3777001986435,0.12226579979372457
58.0,251.63771862927217,67.64964569574946,78.13858383918495,69.37769353804279,0.12226579979372457
59.0,276.80149049219943,67.77363134053559,77.8783123036186,69.54364684058118,0.11719390060769161
59.0,276.80149049219943,67.78900750105149,77.76941554673596,69.54312411119253,0.11719390060769161
59.0,276.80149049219943,67.79604540477723,77.72116579428538,69.54298880763756,0.11719390060769161
59.0,276.80149049219943,67.79943370961092,77.69872529207089,69.54294486031142,0.11719390060769161
59.0,276.80149049219943,67.8011538479997,77.6878018441339,69.54292742562727,0.11719390060769161
59.0,276.80149049219943,67.80207591814894,77.68223368386782,69.54291943121476,0.11719390060769161
60.0,304.4816395414194,67.93196573429182,77.44443614343629,69.7098480249005,0.11215293733221991
60.0,304.4816395414194,67.94748404405061,77.34242429067382,69.7093032756651,0.11215293733221991
60.0,304.4816395414194,67.95473764922761,77.29619799183058,69.70915703059957,0.11215293733221991
60.0,304.4816395414194,67.95829484593901,77.27424440331981,69.70910799574311,0.11215293733221991
60.0,304.4816395414194,67.96013073764249,77.26334619119717,69.70908794113012,0.11215293733221991
60.0,304.4816395414194,67.96112955429805,77.25768883390049,69.70907844116088,0.11215293733221991
61.0,334.9298034955614,68.09675472064,77.04152377913007,69.8764251379529,0.10715163631654971
61.0,334.9298034955614,68.11232416212857,76.94649381972803,69.875860692378,0.10715163631654971
61.0,334.9298034955614,68.1197544432398,76.9024753462322,69.87570358237939,0.10715163631654971
61.0,334.9298034955614,68.12346534777535,76.8811398569558,69.87564922970203,0.10715163631654971
61.0,334.9298034955614,68.12541198931822,76.87034356940302,69.87562634115375,0.10715163631654971
61.0,334.9298034955614,68.12648665879755,76.86463797516774,69.87561516584884,0.10715163631654971
61.0,334.9298034955614,68.12711143652646,76.86148355376952,69.87560916903045,0.10715163631654971
62.0,368.4227838451175,68.26796835765381,76.66732686295751,70.04277524714833,0.10218111496113556
62.0,368.4227838451175,68.2833651135762,76.57999793820434,70.04220823286288,0.10218111496113556
62.0,368.4227838451175,68.2908506037083,76.53872843514091,70.04204682890185,0.10218111496113556
62.0,368.4227838451175,68.29464756984592,76.51836131379852,70.04199017178493,0.10218111496113556
62.0,368.4227838451175,68.29666547367748,76.50788472852986,70.04196600811046,0.10218111496113556
62.0,368.4227838451175,68.29779168683612,76.50226597667873,70.04195401356758,0.10218111496113556
62.0,368.4227838451175,68.29845243198392,76.49911933510998,70.04194743133334,0.10218111496113556
63.0,405.2650622296293,68.44442100726675,76.3245985225218,70.20836308987195,0.09728639506576539
63.0,405.2650622296293,68.45966083526741,76.24423784690865,70.20778480566379,0.09728639506576539
63.0,405.2650622296293,68.46722097209718,76.20545961499846,70.20761469196216,0.09728639506576539
63.0,405.2650622296293,68.47112347745531,76.18595177769237,70.20755335409542,0.09728639506576539
63.0,405.2650622296293,68.4732295818958,76.17573637902493,70.20752657675872,0.09728639506576539
63.0,405.2650622296293,68.47442109670388,76.17016571005732,70.20751297608385,0.09728639506576539
63.0,405.2650622296293,68.47512861694631,76.16699789193396,70.20750532455477,0.09728639506576539
64.0,445.79156845259223,68.62579211248865,76.01091264700685,70.37258226260164,0.09246270259174673
64.0,445.79156845259223,68.64078422035675,75.93735285500688,70.37199523109996,0.09246270259174673
64.0,445.79156845259223,68.64837361214296,75.90111366014554,70.37181653022674,0.09246270259174673
64.0,445.79156845259223,68.65236094984598,75.8825337610892,70.37175021850926,0.09246270259174673
64.0,445.79156845259223,68.65454657889109,75.87263042698197,70.37172053470773,0.09246270259174673
64.0,445.79156845259223,68.65580033023991,75.8671394615132,70.37170509760885,0.09246270259174673
64.0,445.79156845259223,68.65655407956788,75.86396834636597,70.37169620024486,0.09246270259174673
65.0,490.3707252978515,68.81140466209251,75.72509245018432,70.53485154262964,0.08772010220841635
65.0,490.3707252978515,68.82605623861494,75.65812401113809,70.53425921221704,0.08772010220841635
65.0,490.3707252978515,68.83362466260371,75.62444937038245,70.53407260129065,0.08772010220841635
65.0,490.3707252978515,68.83767162782783,75.6068581746286,70.53400133137586,0.08772010220841635
65.0,490.3707252978515,68.83992455372953,75.59731733534122,70.5339686202165,0.08772010220841635
65.0,490.3707252978515,68.8412347988824,75.59194045968061,70.53395121363216,0.08772010220841635
65.0,490.3707252978515,68.84203224434953,75.58878765197483,70.53394095006422,0.08772010220841635
65.0,490.3707252978515,68.84254015815614,75.58686191845379,70.53393449234561,0.08772010220841635
66.0,539.4077978276367,69.00081005917971,75.46464965043526,70.69457948772369,0.08305679450329655
66.0,539.4077978276367,69.01493670286345,75.40441920542276,70.69399767466813,0.08305679450329655
66.0,539.4077978276367,69.02237102858635,75.3735493318784,70.69381006202008,0.08305679450329655
66.0,539.4077978276367,69.02640888552779,75.35714763404874,70.69373734926522,0.08305679450329655
66.0,539.4077978276367,69.02868617118816,75.34811575648976,70.69370361975432,0.08305679450329655
66.0,539.4077978276367,69.0300249582533,75.34295570245547,70.69368547874811,0.08305679450329655
66.0,539.4077978276367,69.03084710343998,75.33989284848624,70.69367463981351,0.08305679450329655
66.0,539.4077978276367,69.03137467840651,75.33800181857751,70.6936677075298,0.08305679450329655
67.0,593.3485776104004,69.19257192070125,75.23048348059646,70.8512765774028,0.07850732493728399
67.0,593.3485776104004,69.20617677710652,75.1762960932804,70.85069902980418,0.07850732493728399
67.0,593.3485776104004,69.21348050195084,75.14796380011646,70.8505067853133,0.07850732493728399
67.0,593.3485776104004,69.21751645833973,75.13263642202438,70.85043041206589,0.07850732493728399
67.0,593.3485776104004,69.21982680649504,75.12405605906952,70.85039426337606,0.07850732493728399
67.0,593.3485776104004,69.22120263336956,75.1190792226794,70.85037447382473,0.07850732493728399
67.0,593.3485776104004,69.2220570370703,75.11608368141904,70.85036244550473,0.07850732493728399
67.0,593.3485776104004,69.22261071103256,75.11421049307742,70.8503546146015,0.07850732493728399
68.0,652.6834353714405,69.38603504199239,75.02009284522137,71.00441927284001,0.07407183160339252
68.0,652.6834353714405,69.39904974556606,74.97158969946236,71.00384887077651,0.07407183160339252
68.0,652.6834353714405,69.40617834456671,74.94571737623204,71.00365258412711,0.07407183160339252
68.0,652.6834353714405,69.41018718577413,74.93146504092843,71.00357250316273,0.07407183160339252
68.0,652.6834353714405,69.41251712322892,74.92335361586592,71.00353375193184,0.07407183160339252
68.0,652.6834353714405,69.41392300008471,74.91857689137484,71.0035121238311,0.07407183160339252
68.0,652.6834353714405,69.41480614188876,74.91566133514405,71.00349873980075,0.07407183160339252
68.0,652.6834353714405,69.41538424459634,74.913814563665,71.0034898705251,0.07407183160339252
69.0,717.9517789085846,69.58028651220275,74.83184834032741,71.15354103934926,0.06975950569320698
69.0,717.9517789085846,69.5926492618822,74.78865964464492,71.15298120632936,0.06975950569320698
69.0,717.9517789085846,69.59955844594396,74.76515732275621,71.15278195768491,0.06975950569320698
69.0,717.9517789085846,69.60351311426348,74.75197401476072,71.15269845721328,0.06975950569320698
69.0,717.9517789085846,69.60584697750892,74.74434649331909,71.15265714526231,0.06975950569320698
69.0,717.9517789085846,69.6072739125645,74.73978678458059,71.15263363972251,0.06975950569320698
69.0,717.9517789085846,69.60818056390829,74.73696516424965,71.15261883518802,0.06975950569320698
69.0,717.9517789085846,69.60877999592569,74.7351552235161,71.15260885647314,0.06975950569320698
70.0,789.7469567994432,69.77438300835524,74.6641335448989,71.29822345462682,0.06557932430118545
70.0,789.7469567994432,69.78604290363623,74.62587571011701,71.29767753238734,0.06557932430118545
70.0,789.7469567994432,69.7926920142423,74.60463665468225,71.29747652941056,0.06557932430118545
70.0,789.7469567994432,69.79656609318053,74.59250498700871,71.29739000817847,0.06557932430118545
70.0,789.7469567994432,69.79888786492478,74.58536964014286,71.29734625918852,0.06557932430118545
70.0,789.7469567994432,69.80032626600581,74.58104017975097,71.2973208962011,0.06557932430118545
70.0,789.7469567994432,69.80125058572136,74.5783246075689,71.29730464772159,0.06557932430118545
70.0,789.7469567994432,69.80186768333999,74.57656116269882,71.2972935172925,0.06557932430118545
70.0,789.7469567994432,69.80229561428749,74.57537488638536,71.29728555210777,0.06557932430118545
71.0,868.7216524793876,69.96767279999995,74.51451224837564,71.43807093860487,0.06153045861500037
71.0,868.7216524793876,69.97852015863677,74.48102402074605,71.43755233834263,0.06153045861500037
71.0,868.7216524793876,69.98482426025092,74.46207757306894,71.43735657880303,0.06153045861500037
71.0,868.7216524793876,69.98855786288303,74.45107176120766,71.43727104336635,0.06153045861500037
71.0,868.7216524793876,69.99082613457864,74.44450212141834,71.43722738927852,0.06153045861500037
71.0,868.7216524793876,69.9922469448579,74.44046437885004,71.43720187876761,0.06153045861500037
71.0,868.7216524793876,69.99316793116435,74.43790363523476,71.43718538983066,0.06153045861500037
71.0,868.7216524793876,69.99378700842263,74.43622489254184,71.43717397776807,0.06153045861500037
71.0,868.7216524793876,69.99421865740993,74.43508633650623,71.4371657161811,0.06153045861500037
72.0,955.5938177273264,70.1587093990002,74.38292799809437,71.5728217107173,0.05763680167294727
72.0,955.5938177273264,70.16878270480422,74.35359712388305,71.57232456862668,0.05763680167294727
72.0,955.5938177273264,70.17475523640127,74.33667090160819,71.57213080489277,0.05763680167294727
72.0,955.5938177273264,70.17835584264938,74.3266603908256,71.57204415494212,0.05763680167294727
72.0,955.5938177273264,70.18057706292234,74.32058764978808,71.57199918662587,0.05763680167294727
72.0,955.5938177273264,70.18198641494666,74.31680143611368,71.57197255322271,0.05763680167294727
72.0,955.5938177273264,70.18290970494962,74.31436976011409,71.57195512634091,0.05763680167294727
72.0,955.5938177273264,70.18353572440574,74.31275794652538,71.5719429196787,0.05763680167294727
72.0,955.5938177273264,70.18397533864345,74.31165415912847,71.57193397583288,0.05763680167294727
73.0,1051.1531995000591,70.34682522750327,74.2671642177942,71.70220325198,0.0538972484247771
73.0,1051.1531995000591,70.35611515438023,74.24159429133582,71.70172906695024,0.0538972484247771
73.0,1051.1531995000591,70.3617354005982,74.22654101716566,71.7015379042743,0.0538972484247771
73.0,1051.1531995000591,70.36518553905523,74.21747441256821,71.70145021725605,0.0538972484247771
73.0,1051.1531995000591,70.36734780513612,74.21188289669794,71.70140384832513,0.0538972484247771
73.0,1051.1531995000591,70.36873825051254,74.20834512340699,71.70137596998272,0.0538972484247771
73.0,1051.1531995000591,70.36965932282354,74.2060434282701,71.70135748253917,0.0538972484247771
73.0,1051.1531995000591,70.37028953266167,74.20450043420504,71.7013443670825,0.0538972484247771
73.0,1051.1531995000591,70.37073539742525,74.20343329700717,71.70133463742816,0.0538972484247771
74.0,1156.2685194500652,70.53121866575452,74.16566460435286,71.82601621829556,0.05031594399862571
74.0,1156.2685194500652,70.53972488414593,74.14348061988997,71.82556670389279,0.05031594399862571
74.0,1156.2685194500652,70.5449759565139,74.13015677470628,71.82537913232474,0.05031594399862571
74.0,1156.2685194500652,70.54825896901505,74.12198303854598,71.82529080662908,0.05031594399862571
74.0,1156.2685194500652,70.55034983143253,74.11685744223584,71.82524319234,0.05031594399862571
74.0,1156.2685194500652,70.55171291873737,74.11356583082144,71.82521413018749,0.05031594399862571
74.0,1156.2685194500652,70.55262619081856,74.11139610855889,71.82519460025033,0.05031594399862571
74.0,1156.2685194500652,70.55325685744103,74.10992499697264,71.82518057018454,0.05031594399862571
74.0,1156.2685194500652,70.55370638271205,74.10889756562796,71.82517003456924,0.05031594399862571
74.0,1156.2685194500652,70.55403707102727,74.10815812568023,71.82516188527046,0.05031594399862571
75.0,1271.8953713950718,70.71137492388957,74.07644034730953,71.9440937880489,0.046889947384633736
75.0,1271.8953713950718,70.71905949532515,74.05741504647281,71.943678164523,0.046889947384633736
75.0,1271.8953713950718,70.72389536392944,74.04576732510264,71.94349991869981,0.046889947384633736
75.0,1271.8953713950718,70.72697130785224,74.03849669541108,71.94341454147263,0.046889947384633736
75.0,1271.8953713950718,70.7289595879354,74.03386639319137,71.94336809593615,0.046889947384633736
75.0,1271.8953713950718,70.73027176778433,74.03085268017088,71.9433395827243,0.046889947384633736
75.0,1271.8953713950718,70.73115942462076,74.02884353237422,71.94332030591376,0.046889947384633736
75.0,1271.8953713950718,70.73177681272256,74.02746860056024,71.94330635397664,0.046889947384633736
75.0,1271.8953713950718,70.73221913232419,74.02650116455078,71.94329578530946,0.046889947384633736
75.0,1271.8953713950718,70.73254569781176,74.02580074239665,71.9432875325056,0.046889947384633736
76.0,1399.0849085345792,70.88620425616037,73.99915413897963,72.05639509427597,0.04363300047719764
76.0,1399.0849085345792,70.89313233901294,73.98282504311874,72.05600775430051,0.04363300047719764
76.0,1399.0849085345792,70.89757992187108,73.9726279474441,72.05583605629482,0.04363300047719764
76.0,1399.0849085345792,70.9004610719295,73.96614535852598,72.05575181291235,0.04363300047719764
76.0,1399.0849085345792,70.9023538986657,73.96194764864401,72.0557052588691,0.04363300047719764
76.0,1399.0849085345792,70.90362056093122,73.95917468886461,72.05567637750175,0.04363300047719764
76.0,1399.0849085345792,70.90448727772372,73.95730208845501,72.05565668239474,0.04363300047719764
76.0,1399.0849085345792,70.90509556101404,73.95600657172184,72.05564230485767,0.04363300047719764
76.0,1399.0849085345792,70.90553435134368,73.95508677170051,72.05563131577233,0.04363300047719764
76.0,1399.0849085345792,70.90585996534901,73.95441592358011,72.05562265510831,0.04363300047719764
77.0,1538.9933993880372,71.0552906387662,73.93212394204178,72.16287173170234,0.04054124369906434
77.0,1538.9933993880372,71.06149454159458,73.9181686498795,72.16251247365255,0.04054124369906434
77.0,1538.9933993880372,71.06555753800691,73.90927886476294,72.1623476206461,0.04054124369906434
77.0,1538.9933993880372,71.06823871951866,73.90352190746302,72.16226457494434,0.04054124369906434
77.0,1538.9933993880372,71.0700297430777,73.89973024723722,72.16221784367289,0.04054124369906434
77.0,1538.9933993880372,71.07124576569385,73.89718695140161,72.16218849282639,0.04054124369906434
77.0,1538.9933993880372,71.0720879881668,73.89544624666931,72.16216828232383,0.04054124369906434
77.0,1538.9933993880372,71.07268487007417,73.89422809649301,72.16215339328163,0.04054124369906434
77.0,1538.9933993880372,71.07311868417213,73.893354933344,72.16214190762771,0.04054124369906434
77.0,1538.9933993880372,71.07344242000192,73.89271311316142,72.1621327704391,0.04054124369906434
78.0,1692.8927393268411,71.21816334821801,73.87414353506091,72.26353651364107,0.03761393814450895
78.0,1692.8927393268411,71.22368031313201,73.86226953895385,72.26320523813769,0.03761393814450895
78.0,1692.8927393268411,71.22736589349131,73.85455403385697,72.26304779253162,0.03761393814450895
78.0,1692.8927393268411,71.2298435829203,73.84946405674748,72.262966276149,0.03761393814450895
78.0,1692.8927393268411,71.23152682115008,73.84605378063833,72.26291951661472,0.03761393814450895
78.0,1692.8927393268411,71.2326867520326,73.8437305049965,72.26288976477,0.03761393814450895
78.0,1692.8927393268411,71.23350030528167,73.84211839175168,72.26286907632691,0.03761393814450895
78.0,1692.8927393268411,71.23408280525484,73.84097682122231,72.26285369893958,0.03761393814450895
78.0,1692.8927393268411,71.23450955230896,73.84015043346193,72.26284173015917,0.03761393814450895
78.0,1692.8927393268411,71.23482991279269,73.83953809153041,72.26283212170547,0.03761393814450895
79.0,1862.1820132595253,71.3744333554346,73.82413293528546,72.35844763646821,0.03484956011130542
79.0,1862.1820132595253,71.3793058555494,73.81407343281674,72.3581439718995,0.03484956011130542
79.0,1862.1820132595253,71.3826256068225,73.80740678054869,72.35799446413695,0.03484956011130542
79.0,1862.1820132595253,71.38489910578863,73.80292659532978,72.35791486080944,0.03484956011130542
79.0,1862.1820132595253,71.38647008753702,73.79987282843985,72.35786828202312,0.03484956011130542
79.0,1862.1820132595253,71.38756914759469,73.79775952136859,72.3578382484696,0.03484956011130542
79.0,1862.1820132595253,71.38835007866112,73.79627244531915,72.357817162189,0.03484956011130542
79.0,1862.1820132595253,71.38891523380104,73.79520657484906,72.35780135710685,0.03484956011130542
79.0,1862.1820132595253,71.38933276979344,73.7944270928889,72.35778895247846,0.03484956011130542
79.0,1862.1820132595253,71.3896481940996,73.79384469837197,72.35777890858138,0.03484956011130542
79.0,1862.1820132595253,71.38989203008501,73.7933997968523,72.35777060233833,0.03484956011130542
80.0,2048.400214585478,71.52397633621342,73.78076912779096,72.44767999209026,0.03224143563474579
80.0,2048.400214585478,71.52821958495778,73.77235229894197,72.44740885490985,0.03224143563474579
80.0,2048.400214585478,71.53116543336441,73.76666763582583,72.4472713078928,0.03224143563474579
80.0,2048.400214585478,71.53321876789951,73.76277941270257,72.44719648291174,0.03224143563474579
80.0,2048.400214585478,71.53466062254475,73.76008577647485,72.44715213909102,0.03224143563474579
80.0,2048.400214585478,71.53568375361579,73.75819420480678,72.44712336608843,0.03224143563474579
80.0,2048.400214585478,71.53641950902653,73.75684595940282,72.44710309357728,0.03224143563474579
80.0,2048.400214585478,71.53695712413287,73.75586904109824,72.44708784332224,0.03224143563474579
80.0,2048.400214585478,71.53735719420399,73.7551482939136,72.44707581492945,0.03224143563474579
80.0,2048.400214585478,71.53766092646413,73.75460611665301,72.44706601427976,0.03224143563474579
81.0,2253.240236044026,71.66609911072379,73.74413434403945,72.53142513670176,0.02979794274224525
81.0,2253.240236044026,71.66982140098426,73.73701028167989,72.53117540103968,0.02979794274224525
81.0,2253.240236044026,71.67245680852201,73.73210308705643,72.53104379435992,0.02979794274224525
81.0,2253.240236044026,71.67432865082827,73.72868313824651,72.5309698507138,0.02979794274224525
81.0,2253.240236044026,71.67566648302838,73.72627153406623,72.53092492920686,0.02979794274224525
81.0,2253.240236044026,71.67663130337118,73.72454975658789,72.53089527284128,0.02979794274224525
81.0,2253.240236044026,71.67733522889932,73.72330378369745,72.53087413249148,0.02979794274224525
81.0,2253.240236044026,71.67785604750537,73.72238863784298,72.53085809269881,0.02979794274224525
81.0,2253.240236044026,71.67824765831688,73.7217054480827,72.53084534863763,0.02979794274224525
81.0,2253.240236044026,71.67854742707993,73.72118638175624,72.53083489164769,0.02979794274224525
81.0,2253.240236044026,71.67878131037963,73.72078463261653,72.53082611962591,0.02979794274224525
82.0,2478.564259648429,71.8012689315907,73.71227455389516,72.60977212768964,0.027500618818907807
82.0,2478.564259648429,71.8044650100502,73.70636898661479,72.6095518633261,0.027500618818907807
82.0,2478.564259648429,71.80676981088286,73.70222437075097,72.60943207745518,0.027500618818907807
82.0,2478.564259648429,71.80843581059997,73.69928461916902,72.6093630969607,0.027500618818907807
82.0,2478.564259648429,71.80964617066655,73.69717728731504,72.60932047839077,0.027500618818907807
82.0,2478.564259648429,71.81053213488835,73.69564981719313,72.60929205833285,0.027500618818907807
82.0,2478.564259648429,71.81118704242766,73.69452928425102,72.60927168120533,0.027500618818907807
82.0,2478.564259648429,71.81167699061822,73.69369637769077,72.6092561536474,0.027500618818907807
82.0,2478.564259648429,71.81204869047076,73.69306825758181,72.6092437600366,0.027500618818907807
82.0,2478.564259648429,71.81233514144148,73.69258709059557,72.60923353478836,0.027500618818907807
82.0,2478.564259648429,71.81255968049044,73.69221229531632,72.60922490257673,0.027500618818907807
83.0,2726.4206856132723,71.92903667481681,73.68526751279023,72.68295122076549,0.025354370697577764
83.0,2726.4206856132723,71.93178265240527,73.6803528620593,72.68275484823663,0.025354370697577764
83.0,2726.4206856132723,71.9337995029403,73.67683899364988,72.68264447812959,0.025354370697577764
83.0,2726.4206856132723,71.93528332175109,73.67430228100449,72.68257918323847,0.025354370697577764
83.0,2726.4206856132723,71.93637943119671,73.67245335242666,72.68253804175681,0.025354370697577764
83.0,2726.4206856132723,71.93719419417573,73.6710922285273,72.68251026051483,0.025354370697577764
83.0,2726.4206856132723,71.937804850015,73.67007943243675,72.68249019505284,0.025354370697577764
83.0,2726.4206856132723,71.93826722093269,73.6693169709904,72.68247483397228,0.025354370697577764
83.0,2726.4206856132723,71.93862154433671,73.66873558333901,72.68246252455455,0.025354370697577764
83.0,2726.4206856132723,71.93889679379436,73.66828606557925,72.68245232447516,0.025354370697577764
83.0,2726.4206856132723,71.93911383700723,73.66793330059329,72.6824436699638,0.025354370697577764
84.0,2999.0627541746,72.04953306517103,73.66228087372693,72.75115470904446,0.023351207626694157
84.0,2999.0627541746,72.05187926218514,73.65820315745489,72.75098019635394,0.023351207626694157
84.0,2999.0627541746,72.05363375344623,73.65523382272238,72.7508787978454,0.023351207626694157
84.0,2999.0627541746,72.05494724061748,73.65305249087515,72.75081710948575,0.023351207626694157
84.0,2999.0627541746,72.05593374644076,73.65143605016965,72.75077740387111,0.023351207626694157
84.0,2999.0627541746,72.05667847333322,73.6502274219257,72.75075020218385,0.023351207626694157
84.0,2999.0627541746,72.05724457375737,73.64931504967302,72.75073037954498,0.023351207626694157
84.0,2999.0627541746,72.0576786143098,73.64861915081838,72.75071512006355,0.023351207626694157
84.0,2999.0627541746,72.0580148241907,73.64808233974577,72.75070284083799,0.023351207626694157
84.0,2999.0627541746,72.0582783232245,73.64766314071639,72.75069262404315,0.023351207626694157
84.0,2999.0627541746,72.05848753817457,73.64733144863638,72.75068391582117,0.023351207626694157
85.0,3298.96902959206,72.16285603785352,73.64274315804946,72.81459758610794,0.02148507540829419
85.0,3298.96902959206,72.16484944827374,73.63937044524371,72.81444311597153,0.02148507540829419
85.0,3298.96902959206,72.16636648010456,73.63687010422177,72.81435036457043,0.02148507540829419
85.0,3298.96902959206,72.16752173930115,73.63500158801668,72.81429232712568,0.02148507540829419
85.0,3298.96902959206,72.16840370140503,73.63359418786268,72.81425413886815,0.02148507540829419
85.0,3298.96902959206,72.16907982688457,73.63252551814813,72.81422756651634,0.02148507540829419
85.0,3298.96902959206,72.16960112773003,73.6317071117139,72.81420800835423,0.02148507540829419
85.0,3298.96902959206,72.17000596583762,73.63107459131692,72.81419285870342,0.02148507540829419
85.0,3298.96902959206,72.1703230877826,73.63058085279482,72.81418061483777,0.02148507540829419
85.0,3298.96902959206,72.17057398965562,73.63019127176858,72.81417038819367,0.02148507540829419
85.0,3298.96902959206,72.1707747299873,73.62988029520648,72.81416163596478,0.02148507540829419
86.0,3628.8659325512663,72.2691497044338,73.62616475591477,72.87350574694365,0.019749767512111435
86.0,3628.8659325512663,72.27083430877002,73.62338332302056,72.87336954105655,0.019749767512111435
86.0,3628.8659325512663,72.2721383213813,73.62128503432564,72.8732850817064,0.019749767512111435
86.0,3628.8659325512663,72.27314800746063,73.6196905395852,72.87323073770487,0.019749767512111435
86.0,3628.8659325512663,72.27393127376911,73.61847019598375,72.87319417161197,0.019749767512111435
86.0,3628.8659325512663,72.27454092202146,73.61752940154813,72.8731683103827,0.019749767512111435
86.0,3628.8659325512663,72.2750176645512,73.616798586263,72.87314906893307,0.019749767512111435
86.0,3628.8659325512663,72.2753927115711,73.61622626221344,72.87313406296498,0.019749767512111435
86.0,3628.8659325512663,72.27568989597361,73.6157741234426,72.87312188028332,0.019749767512111435
86.0,3628.8659325512663,72.2759273715813,73.61541354546239,72.87311166757978,0.019749767512111435
86.0,3628.8659325512663,72.27611894643658,73.61512305712174,72.87310289553665,0.019749767512111435
87.0,3991.7525258063934,72.36860160658395,73.61212051780925,72.9281114777618,0.018138896523831074
87.0,3991.7525258063934,72.37001805203903,73.60983278669508,72.92799179171682,0.018138896523831074
87.0,3991.7525258063934,72.37113266648595,73.60807747163372,72.92791521557773,0.018138896523831074
87.0,3991.7525258063934,72.37200973667123,73.60672173988897,72.92786457400949,0.018138896523831074
87.0,3991.7525258063934,72.37270082894094,73.60566784086845,72.92782972812194,0.018138896523831074
87.0,3991.7525258063934,72.37324680692473,73.60484320890018,72.92780466706753,0.018138896523831074
87.0,3991.7525258063934,72.37367977914249,73.60419358085497,72.92778580565947,0.018138896523831074
87.0,3991.7525258063934,72.37402482453962,73.60367813414481,72.92777098726913,0.018138896523831074
87.0,3991.7525258063934,72.37430144987016,73.60326600299291,72.92775889928618,0.018138896523831074
87.0,3991.7525258063934,72.37452478463928,73.60293375117419,72.9277487300016,0.018138896523831074
87.0,3991.7525258063934,72.37470654188243,73.60266351915362,72.927739966844,0.018138896523831074
88.0,4390.927778387033,72.46143563954445,73.60024135638662,72.97864992753372,0.016645961419462608
88.0,4390.927778387033,72.46262098846125,73.59836410216204,72.9785450723212,0.016645961419462608
88.0,4390.927778387033,72.46356864545206,73.59689995522916,72.97847592109171,0.016645961419462608
88.0,4390.927778387033,72.46432605590414,73.59575115499163,72.97842894904849,0.016645961419462608
88.0,4390.927778387033,72.46493197260241,73.59484450194236,72.97839590274698,0.016645961419462608
88.0,4390.927778387033,72.46541767234945,73.59412474385462,72.97837172753908,0.016645961419462608
88.0,4390.927778387033,72.46580818420583,73.5935498908793,72.97835331238721,0.016645961419462608
88.0,4390.927778387033,72.4661234152218,73.5930878493802,72.9783387293171,0.016645961419462608
88.0,4390.927778387033,72.46637912902477,73.59271397162956,72.97832677226576,0.016645961419462608
88.0,4390.927778387033,72.46658776922382,73.59240925139187,72.97831667719831,0.016645961419462608
88.0,4390.927778387033,72.46675913750391,73.59215898166681,72.97830795201806,0.016645961419462608
89.0,4830.020556225737,72.54790460668451,73.59020768490615,73.02535614600937,0.015264422988342996
89.0,4830.020556225737,72.5488922192707,73.5886703590063,73.02526451191218,0.015264422988342996
89.0,4830.020556225737,72.54969389403482,73.58745226370445,73.02520229031595,0.015264422988342996
89.0,4830.020556225737,72.55034431977484,73.5864818754182,73.02515891317107,0.015264422988342996
89.0,4830.020556225737,72.55087232700552,73.58570473482439,73.02512772208705,0.015264422988342996
89.0,4830.020556225737,72.5513015980263,73.5850790683466,73.02510450940272,0.015264422988342996
89.0,4830.020556225737,72.55165142163023,73.58457262998189,73.02508660526422,0.015264422988342996
89.0,4830.020556225737,72.55193741056911,73.58416039407965,73.02507230614498,0.015264422988342996
89.0,4830.020556225737,72.55217214425514,73.58382284970202,73.02506051691444,0.015264422988342996
89.0,4830.020556225737,72.55236572404675,73.58354472609801,73.0250505264974,0.015264422988342996
90.0,5313.0226118483115,72.62816668121417,73.58193613870617,73.06848164507834,0.013990277468994195
90.0,5313.0226118483115,72.62900290825854,73.58064896834793,73.06839802546355,0.013990277468994195
90.0,5313.0226118483115,72.6296918901935,73.57961362550532,73.06833959817435,0.013990277468994195
90.0,5313.0226118483115,72.63025915654185,73.57877671340293,73.0682978039071,0.013990277468994195
90.0,5313.0226118483115,72.63072631069491,73.57809693956287,73.0682670813334,0.013990277468994195
90.0,5313.0226118483115,72.63111141870576,73.57754215289503,73.06824380779533,0.013990277468994195
90.0,5313.0226118483115,72.63142945772455,73.57708717089719,73.06822561537398,0.013990277468994195
90.0,5313.0226118483115,72.6316927639565,73.57671216797036,73.06821094917623,0.013990277468994195
90.0,5313.0226118483115,72.63191144904593,73.57640146700169,73.06819878193795,0.013990277468994195
90.0,5313.0226118483115,72.63209377099162,73.57614262425864,73.0681884295213,0.013990277468994195
90.0,5313.0226118483115,72.63224645558287,73.5759257301307,73.0681794315503,0.013990277468994195
91.0,5844.324873033143,72.70283707455263,73.57465817070582,73.10820492895503,0.012810144446517712
91.0,5844.324873033143,72.70351643925648,73.57362816384796,73.10813461106454,0.012810144446517712
91.0,5844.324873033143,72.70408389418745,73.57278730465032,73.10808409795985,0.012810144446517712
91.0,5844.324873033143,72.70455751755219,73.5720978141814,73.10804704017184,0.012810144446517712
91.0,5844.324873033143,72.70495283494961,73.5715300021875,73.10801918956219,0.012810144446517712
91.0,5844.324873033143,72.70528303061207,73.57106039165618,73.10799769774682,0.012810144446517712
91.0,5844.324873033143,72.7055592068414,73.57067031819417,73.10798064941056,0.012810144446517712
91.0,5844.324873033143,72.70579065346851,73.57034487344225,73.10796675179479,0.012810144446517712
91.0,5844.324873033143,72.70598510603628,73.57007210034789,73.10795512802864,0.012810144446517712
91.0,5844.324873033143,72.7061489818677,73.56984237473938,73.10794517951638,0.012810144446517712
92.0,6428.757360336458,72.77182705581527,73.56879655032768,73.14480413975497,0.011726022803029423
92.0,6428.757360336458,72.77239891412756,73.56793475359754,73.14474009204247,0.011726022803029423
92.0,6428.757360336458,72.77288305043535,73.56722161306607,73.14469292960867,0.011726022803029423
92.0,6428.757360336458,72.77329254666634,73.5666291098,73.14465755257693,0.011726022803029423
92.0,6428.757360336458,72.77363882858918,73.56613490951253,73.14463045242746,0.011726022803029423
92.0,6428.757360336458,72.7739317624584,73.56572110866733,73.14460921104201,0.011726022803029423
92.0,6428.757360336458,72.77417979495311,73.56537328330137,73.14459215787699,0.011726022803029423
92.0,6428.757360336458,72.77439010993197,73.56507976106846,73.14457813530558,0.011726022803029423
92.0,6428.757360336458,72.77456878611258,73.56483105932966,73.1445663379576,0.011726022803029423
92.0,6428.757360336458,72.77472094664242,73.5646194478729,73.14455620268728,0.011726022803029423
92.0,6428.757360336458,72.77485089589652,73.56443860602218,73.14454733318226,0.011726022803029423
93.0,7071.633096370105,72.83579159684643,73.56361726378594,73.17844019294091,0.010724427391669426
93.0,7071.633096370105,72.8362520729737,73.56293091294603,73.17838665937494,0.010724427391669426
93.0,7071.633096370105,72.83664673468158,73.56235522609109,73.17834623655237,0.010724427391669426
93.0,7071.633096370105,72.83698468221871,73.56187062892266,73.17831520555978,0.010724427391669426
93.0,7071.633096370105,72.83727396829732,73.56146128444422,73.17829093912816,0.010724427391669426
93.0,7071.633096370105,72.83752164244146,73.56111431508424,73.17827157831253,0.010724427391669426
93.0,7071.633096370105,72.83773382536452,73.56081920236588,73.17825580518733,0.010724427391669426
93.0,7071.633096370105,72.83791579744835,73.56056732002378,73.17824268302132,0.010724427391669426
93.0,7071.633096370105,72.83807209126121,73.56035156816449,73.17823154387399,0.010724427391669426
93.0,7071.633096370105,72.83820658200119,73.56016608453388,73.17822190952498,0.010724427391669426
94.0,7778.796406007116,72.89471063139644,73.55948634581037,73.20936946175898,0.00980628216596424
94.0,7778.796406007116,72.89509671124483,73.55891119948717,73.20932060362016,0.00980628216596424
94.0,7778.796406007116,72.89543163898162,73.55842291181315,73.20928291362118,0.00980628216596424
94.0,7778.796406007116,72.89572189425684,73.55800702192923,73.20925341872474,0.00980628216596424
94.0,7778.796406007116,72.89597330269424,73.55765167911525,73.20922996538916,0.00980628216596424
94.0,7778.796406007116,72.89619104473547,73.55734712727997,73.20921099166269,0.00980628216596424
94.0,7778.796406007116,72.8963796882567,73.55708530128848,73.20919536282547,0.00980628216596424
94.0,7778.796406007116,72.89654323435167,73.55685950874582,73.20918225284325,0.00980628216596424
94.0,7778.796406007116,72.89668516923822,73.55666417748654,73.2091710588506,0.00980628216596424
94.0,7778.796406007116,72.89680851772184,73.55649465391878,73.20916133944954,0.00980628216596424
95.0,8556.676046607829,72.94910017230566,73.55594276789674,73.23775589349248,0.008961516571263508
95.0,8556.676046607829,72.94941763649956,73.55547009460633,73.23771269272092,0.008961516571263508
95.0,8556.676046607829,72.94969616105286,73.55506404205576,73.23767864352139,0.008961516571263508
95.0,8556.676046607829,72.9499402632971,73.55471420487905,73.23765146692061,0.008961516571263508
95.0,8556.676046607829,72.95015406183467,73.55441194661825,73.23762947246452,0.008961516571263508
95.0,8556.676046607829,72.95034127103341,73.55415006963494,73.2376114048566,0.008961516571263508
95.0,8556.676046607829,72.95050521241805,73.55392255277067,73.23759633066474,0.008961516571263508
95.0,8556.676046607829,72.95064883635911,73.55372434164892,73.23758355461803,0.008961516571263508
95.0,8556.676046607829,72.95077474949645,73.55355118009552,73.23757255775838,0.008961516571263508
95.0,8556.676046607829,72.95088524478882,73.55339947385119,73.23756295173239,0.008961516571263508
96.0,9412.343651268613,72.99920650200474,73.55295252598182,73.26379112212464,0.008185767661788416
96.0,9412.343651268613,72.99946616071011,73.55256531101139,73.2637531338148,0.008185767661788416
96.0,9412.343651268613,72.99969638853582,73.55222894108928,73.26372258503115,0.008185767661788416
96.0,9412.343651268613,72.99990030226061,73.55193597808366,73.26369774618553,0.008185767661788416
96.0,9412.343651268613,73.00008078144037,73.55168017281656,73.26367730532498,0.008185767661788416
96.0,9412.343651268613,73.00024045787598,73.55145625583975,73.26366026635237,0.008185767661788416
96.0,9412.343651268613,73.00038171663624,73.55125976874612,73.26364587211437,0.008185767661788416
96.0,9412.343651268613,73.00050670463389,73.55108692749323,73.2636335462772,0.008185767661788416
96.0,9412.343651268613,73.0006173438831,73.55093451111753,73.26362284939569,0.008185767661788416
96.0,9412.343651268613,73.0007153474051,73.55079977067948,73.26361344570556,0.008185767661788416
97.0,10353.578016395475,73.04530793812327,73.55043763462004,73.28765244527243,0.007474115976313684
97.0,10353.578016395475,73.04551972011151,73.55012049882794,73.28761906411646,0.007474115976313684
97.0,10353.578016395475,73.04570936526682,73.5498421039496,73.28759171584103,0.007474115976313684
97.0,10353.578016395475,73.0458790049992,73.54959714842187,73.28756909339714,0.007474115976313684
97.0,10353.578016395475,73.04603063379307,73.54938112649177,73.28755018429989,0.007474115976313684
97.0,10353.578016395475,73.04616609803995,73.54919019634917,73.2875342036168,0.007474115976313684
97.0,10353.578016395475,73.04628709258455,73.54902107233343,73.28752054224071,0.007474115976313684
97.0,10353.578016395475,73.04639516259309,73.54887093644723,73.28750872695683,0.007474115976313684
97.0,10353.578016395475,73.04649170897775,73.54873736541583,73.2874983896137,0.007474115976313684
97.0,10353.578016395475,73.0465779960796,73.54861827030683,73.28748924331911,0.007474115976313684
98.0,11388.935818035023,73.08767899818213,73.54832448380438,73.30950623348393,0.006821789365395965
98.0,11388.935818035023,73.08785134750798,73.54806459648256,73.3094768850697,0.006821789365395965
98.0,11388.935818035023,73.08800711791403,73.54783420539232,73.309452423601,0.006821789365395965
98.0,11388.935818035023,73.08814775395493,73.54762953890213,73.3094318641142,0.006821789365395965
98.0,11388.935818035023,73.0882746242846,73.54744735644726,73.30941442845516,0.006821789365395965
98.0,11388.935818035023,73.08838901174892,73.54728486578031,73.30939950143967,0.006821789365395965
98.0,11388.935818035023,73.08849210852642,73.54713965443113,73.30938659633023,0.006821789365395965
98.0,11388.935818035023,73.08858501491201,73.54700963273461,73.30937532764837,0.006821789365395965
98.0,11388.935818035023,73.08866874067417,73.54689298630589,73.3093653897632,0.006821789365395965
99.0,12527.829399838525,73.12652724360424,73.54664391941549,73.32952299456639,0.006225457815972479
99.0,12527.829399838525,73.12667191700189,73.54642163598962,73.32949538631806,0.006225457815972479
99.0,12527.829399838525,73.12680387202869,73.5462228740291,73.32947204882734,0.006225457815972479
99.0,12527.829399838525,73.12692408979598,73.54604481204848,73.3294521809839,0.006225457815972479
99.0,12527.829399838525,73.12703351563144,73.54588500306946,73.32943513819522,0.006225457815972479
99.0,12527.829399838525,73.12713304963435,73.54574131947425,73.32942040151896,0.006225457815972479
99.0,12527.829399838525,73.12722354082874,73.54561190680022,73.32940755289862,0.006225457815972479
99.0,12527.829399838525,73.1273057840196,73.54549514491063,73.32939625529288,0.006225457815972479
99.0,12527.829399838525,73.12738051865787,73.54538961526757,73.32938623673299,0.006225457815972479
99.0,12527.829399838525,73.12744842917027,73.5452940732637,73.3293772775297,0.006225457815972479
100.0,13780.612339822379,73.16225577854775,73.54509660000636,73.34781354988377,0.005677750009748512
100.0,13780.612339822379,73.16237055241123,73.54491872309342,73.34779015109586,0.005677750009748512
100.0,13780.612339822379,73.16247605528838,73.54475822621154,73.34777004669976,0.005677750009748512
100.0,13780.612339822379,73.16257293331313,73.5446131718247,73.34775266496317,0.005677750009748512
100.0,13780.612339822379,73.16266181489345,73.54448186220611,73.34773753782447,0.005677750009748512
100.0,13780.612339822379,73.162743304213,73.54436280645231,73.347724281907,0.005677750009748512
100.0,13780.612339822379,73.16281797687176,73.54425469249293,73.34771258302001,0.005677750009748512
100.0,13780.612339822379,73.16288637717935,73.54415636328125,73.34770218350376,0.005677750009748512
100.0,13780.612339822379,73.16294901671662,73.54406679649028,73.3476928718982,0.005677750009748512
101.0,15158.673573804617,73.19494073689296,73.5439001934981,73.36455182423572,0.005178044053433816
101.0,15158.673573804617,73.19503595031358,73.54374895696728,73.36453008532622,0.005178044053433816
101.0,15158.673573804617,73.19512416927532,73.5436114612927,73.36451117919415,0.005178044053433816
101.0,15158.673573804617,73.19520581807043,73.54348627288877,73.36449464979657,0.005178044053433816
101.0,15158.673573804617,73.19528131656136,73.54337212495562,73.36448011779055,0.005178044053433816
101.0,15158.673573804617,73.19535107487661,73.54326789588075,73.36446726750751,0.005178044053433816
101.0,15158.673573804617,73.19541548955212,73.54317259071578,73.36445583614515,0.005178044053433816
101.0,15158.673573804617,73.19547494082238,73.54308532525667,73.36444560479829,0.005178044053433816
101.0,15158.673573804617,73.19552979082303,73.54300531233474,73.36443639101685,0.005178044053433816
102.0,16674.54093118508,73.22490142329059,73.5428669622965,73.379843642448,0.004720714191643137
102.0,16674.54093118508,73.22497907846596,73.54274043051703,73.37982394836003,0.004720714191643137
102.0,16674.54093118508,73.22505155008392,73.54262455126351,73.37980661179638,0.004720714191643137
102.0,16674.54093118508,73.2251191103934,73.54251828764885,73.37979128171926,0.004720714191643137
102.0,16674.54093118508,73.22518203329741,73.54242071577568,73.3797776617534,0.004720714191643137
102.0,16674.54093118508,73.22524059041447,73.54233101101698,73.3797655015899,0.004720714191643137
102.0,16674.54093118508,73.22529504806576,73.54224843612431,73.37975458974628,0.004720714191643137
102.0,16674.54093118508,73.22534566501432,73.54217233090395,73.37974474746585,0.004720714191643137
103.0,18341.995024303593,73.25229909213792,73.54205269284418,73.39382202795916,0.004303387086652249
103.0,18341.995024303593,73.25236399718017,73.54194256790069,73.3938031316737,0.004303387086652249
103.0,18341.995024303593,73.25242501225415,73.54184107675269,73.393786335108,0.004303387086652249
103.0,18341.995024303593,73.25248230455145,73.54174743148457,73.39377134873604,0.004303387086652249
103.0,18341.995024303593,73.25253604711861,73.54166092500918,73.39375792473848,0.004303387086652249
103.0,18341.995024303593,73.2525864157036,73.54158092182703,73.39374585093825,0.004303387086652249
103.0,18341.995024303593,73.25263358623565,73.54150684994016,73.39373494561816,0.004303387086652249
103.0,18341.995024303593,73.25267773283574,73.54143819376887,73.39372505309565,0.004303387086652249
104.0,20176.194526733954,73.27738710388735,73.54133694962792,73.40657999508822,0.003921697866452954
104.0,20176.194526733954,73.27744014989318,73.54124316612217,73.40656246868721,0.003921697866452954
104.0,20176.194526733954,73.2774903441435,73.54115619963252,73.406546733133,0.003921697866452954
104.0,20176.194526733954,73.27753778471012,73.54107546917433,73.40653256048904,0.003921697866452954
104.0,20176.194526733954,73.2775825764115,73.54100044961609,73.40651975314125,0.003921697866452954
104.0,20176.194526733954,73.27762482850522,73.54093066569607,73.40650813972583,0.003921697866452954
104.0,20176.194526733954,73.27766465278913,73.54086568673853,73.40649757160493,0.003921697866452954
104.0,20176.194526733954,73.27770216204942,73.54080512198186,73.40648791981688,0.003921697866452954
105.0,22193.81397940735,73.30033592198484,73.54072016950983,73.41822140423645,0.0035729693313332877
105.0,22193.81397940735,73.30037875366389,73.5406410050361,73.41820539140085,0.0035729693313332877
105.0,22193.81397940735,73.30041952612245,73.54056716352099,73.41819087684885,0.0035729693313332877
105.0,22193.81397940735,73.30045829343061,73.54049822218727,73.4181776848886,0.0035729693313332877
105.0,22193.81397940735,73.30049511592699,73.54043379625023,73.41816566138274,0.0035729693313332877
105.0,22193.81397940735,73.30053005860188,73.54037353511572,73.41815467107843,0.0035729693313332877
105.0,22193.81397940735,73.30056318973533,73.5403171189912,73.41814459526901,0.0035729693313332877
105.0,22193.81397940735,73.3005945797548,73.54026425586389,73.41813532974572,0.0035729693313332877
106.0,24413.19537734809,73.32131263537354,73.5401931812577,73.42884109555425,0.003254567293863385
106.0,24413.19537734809,73.32134693567639,73.54012657774663,73.42882656765225,0.003254567293863385
106.0,24413.19537734809,73.32137976826871,73.54006411118849,73.42881328187649,0.003254567293863385
106.0,24413.19537734809,73.3214111599413,73.54000547575384,73.42880110421811,0.003254567293863385
106.0,24413.19537734809,73.32144114279811,73.53995039126161,73.42878991581233,0.003254567293863385
106.0,24413.19537734809,73.32146975315055,73.53989860078622,73.42877961121022,0.003254567293863385
106.0,24413.19537734809,73.32149703056791,73.53984986850543,73.42877009684811,0.003254567293863385
107.0,26854.5149150829,73.34045650717269,73.53978784304041,73.43853716099022,0.002964476635160785
107.0,26854.5149150829,73.34048449312297,73.53972944605292,73.43852322330494,0.002964476635160785
107.0,26854.5149150829,73.3405114431647,73.53967442376612,73.43851038864226,0.002964476635160785
107.0,26854.5149150829,73.34053736423326,73.53962254255708,73.43849854729226,0.002964476635160785
107.0,26854.5149150829,73.34056226812223,73.5395735871844,73.43848760096046,0.002964476635160785
107.0,26854.5149150829,73.34058617066682,73.53952735918261,73.43847746156901,0.002964476635160785
107.0,26854.5149150829,73.34060909102953,73.53948367540858,73.43846805018359,0.002964476635160785
108.0,29539.96640659119,73.3579472203406,73.53943030308352,73.44737528411613,0.002699644871015869
108.0,29539.96640659119,73.35796961135085,73.5393798244109,73.44736221516503,0.002699644871015869
108.0,29539.96640659119,73.3579912930928,73.539332050583,73.44735009716833,0.002699644871015869
108.0,29539.96640659119,73.35801226167061,73.5392868067963,73.44733884312934,0.002699644871015869
108.0,29539.96640659119,73.35803251722368,73.53924393110324,73.44732837437601,0.002699644871015869
108.0,29539.96640659119,73.35805206335169,73.53920327336596,73.44731861975613,0.002699644871015869
109.0,32493.963047250312,73.37390343213474,73.53915577215412,73.4554409071493,0.0024584104314981786
109.0,32493.963047250312,73.37392142132745,73.53911067280688,73.45542812173342,0.0024584104314981786
109.0,32493.963047250312,73.37393895043502,73.53906782841318,73.45541619980611,0.0024584104314981786
109.0,32493.963047250312,73.37395600752146,73.53902710227297,73.45540506861487,0.0024584104314981786
109.0,32493.963047250312,73.37397258416576,73.53898836711636,73.45539466180571,0.0024584104314981786
109.0,32493.963047250312,73.37398867503592,73.538951504387,73.45538491885516,0.0024584104314981786
110.0,35743.35935197535,73.3884719429177,73.53890985040701,73.46278890440627,0.002238287342181547
110.0,35743.35935197535,73.38848602637484,73.53887015362562,73.4627766956889,0.002238287342181547
110.0,35743.35935197535,73.38849983293198,73.53883230221092,73.46276524702748,0.002238287342181547
110.0,35743.35935197535,73.3885133474306,73.53879619158741,73.46275449957716,0.002238287342181547
110.0,35743.35935197535,73.38852655756341,73.53876172391972,73.46274439924456,0.002238287342181547
110.0,35743.35935197535,73.38853945357306,73.53872880763598,73.46273489630036,0.002238287342181547
111.0,39317.695287172886,73.40176588606676,73.53869258546561,73.46948217600666,0.002037538996409772
111.0,39317.695287172886,73.40177664808945,73.53865794106864,73.4694706947271,0.002037538996409772
111.0,39317.695287172886,73.40178726282585,73.53862479043039,73.46945986965305,0.002037538996409772
111.0,39317.695287172886,73.40179771466995,73.53859305461125,73.46944965417126,0.002037538996409772
111.0,39317.695287172886,73.40180799023213,73.53856265941226,73.46944000512072,0.002037538996409772
112.0,43249.46481589018,73.41388466471528,73.538530145702,73.47558851137812,0.0018548002023190862
112.0,43249.46481589018,73.41389270564946,73.53849895343282,73.47557729786406,0.0018548002023190862
112.0,43249.46481589018,73.41390070224307,73.53846901675684,73.475566677688,0.0018548002023190862
112.0,43249.46481589018,73.41390863832706,73.53844027353804,73.47555661213345,0.0018548002023190862
112.0,43249.46481589018,73.41391649953695,73.53841266512524,73.47554706511255,0.0018548002023190862
113.0,47574.4112974792,73.42493829413354,73.5383837769075,73.48114848742817,0.0016881953728252305
113.0,47574.4112974792,73.42494401361992,73.53835598097567,73.48113773103373,0.0016881953728252305
113.0,47574.4112974792,73.42494975783023,73.53832922654664,73.48112749899954,0.0016881953728252305
113.0,47574.4112974792,73.42495551155679,73.53830346550052,73.48111775994603,0.0016881953728252305
114.0,52331.852427227124,73.43501313494687,73.5382770974378,73.48622054583976,0.0015365635592621183
114.0,52331.852427227124,73.4350168541211,73.53825166202003,73.4862099111107,0.0015365635592621183
114.0,52331.852427227124,73.43502065492541,73.53822711867699,73.48619975688082,0.0015365635592621183
114.0,52331.852427227124,73.43502452278989,73.53820342881971,73.48619005675957,0.0015365635592621183
115.0,57565.037669949845,73.4441986808612,73.53817959388695,73.49083754840765,0.0013983654954123205
115.0,57565.037669949845,73.44420071575664,73.53815654517098,73.49082721656488,0.0013983654954123205
115.0,57565.037669949845,73.44420286679772,73.53813425077257,73.490817315399,0.0013983654954123205
116.0,63321.54143694483,73.45257020644999,73.53811218720696,73.49504998174044,0.0012726115980885063
116.0,63321.54143694483,73.45257072486632,73.53809080543382,73.49503968931467,0.0012726115980885063
116.0,63321.54143694483,73.45257138899467,73.53807007960924,73.49502979440406,0.0012726115980885063
117.0,69653.69558063932,73.46020028341806,73.5380498323724,73.49888391333019,0.0011580334344807592
117.0,69653.69558063932,73.460199549859,73.53803016943496,73.49887382470082,0.0011580334344807592
117.0,69653.69558063932,73.46019897651757,73.53801107016963,73.49886409563028,0.0011580334344807592
118.0,76619.06513870326,73.46715252938631,73.53799260501353,73.50237292944988,0.0010536650924873687
118.0,76619.06513870326,73.46715079677676,73.53797463623008,73.50236316436101,0.0010536650924873687
119.0,84280.97165257359,73.47348835715144,73.53795743526797,73.5055575848713,0.00095872529714322
119.0,84280.97165257359,73.47348568417013,73.53794066647447,73.50554793166502,0.00095872529714322
120.0,92709.06881783095,73.47926033735601,73.53792474101036,73.50845568042993,0.0008722625204340022
120.0,92709.06881783095,73.47925693139447,73.53790918848284,73.50844625428303,0.0008722625204340022
121.0,101979.97569961405,73.48451747486794,73.53789451296402,73.5110927112983,0.0007935346564563904
121.0,101979.97569961405,73.4845135229809,73.5378801570005,73.51108359877162,0.0007935346564563904
122.0,112177.97326957546,73.48930475313693,73.53786668214121,73.51349196489083,0.0007218616042979893
122.0,112177.97326957546,73.48930041833913,73.53785347954266,73.51348322830631,0.0007218616042979893
123.0,123395.77059653302,73.49366341202497,73.53784114166251,73.5156746980927,0.0006566207226449116
123.0,123395.77059653302,73.49365883266088,73.53782903467666,73.51566637972417,0.0006566207226449116
124.0,135735.34765618635,73.49763121941132,73.53781776226654,73.51766030391637,0.000597242466343319
124.0,135735.34765618635,73.49762651028311,73.5378066849263,73.51765242977675,0.000597242466343319
125.0,149308.882421805,73.50124273264134,73.53779640319763,73.51946646708164,0.0005432062409873908
125.0,149308.882421805,73.50123798706366,73.5377862857552,73.51945905022572,0.0005432062409873908
126.0,164239.77066398552,73.5045295474149,73.53777691972971,73.52110930849449,0.0004940364953744443
126.0,164239.77066398552,73.50452483967825,73.53776769170247,73.5211023518304,0.0004940364953744443
127.0,180663.7477303841,73.50752053276025,73.53775916825481,73.52260351889258,0.00044929906036194863
127.0,180663.7477303841,73.50751592068747,73.5377507604693,73.52259701753208,0.00044929906036194863
128.0,198730.12250342252,73.51024205147226,73.53774300962283,73.52396248210553,0.00040859773484609334
128.0,198730.12250342252,73.51023757888478,73.53773535553802,73.52395642530217,0.00040859773484609334
129.0,218603.13475376478,73.51271816588888,73.53772831123274,73.52519838847297,0.00037157111425258565
129.0,218603.13475376478,73.51271386488204,73.53772134775011,73.5251927612007,0.00037157111425258565
130.0,240463.44822914127,73.5149708292274,73.537714948243,73.52632233901971,0.0003378896533787895
130.0,240463.44822914127,73.5149667222089,73.5377086161547,73.5263171232458,0.0003378896533787895
131.0,264509.7930520554,73.51702006292382,73.53770280416705,73.52734444099914,0.0003072529531479783
131.0,264509.7930520554,73.51701616440036,73.53769704835281,73.52733961669944,0.0003072529531479783
132.0,290960.772357261,73.51888412057178,73.5376917710463,73.52827389541827,0.00027938725947042776
132.0,290960.772357261,73.51888043868954,73.53768654049776,73.52826944137848,0.00027938725947042776
133.0,320056.8495929871,73.52057963914226,73.53768174934046,73.52911907713678,0.0002540431616918087
133.0,320056.8495929871,73.52057617699796,73.53767699707072,73.52911497157798,0.0002540431616918087
134.0,352062.53455228586,73.52212177821843,73.53767264763317,73.5298876081117,0.00023099347785838275
134.0,352062.53455228586,73.52211853496215,73.53766833051361,73.52988382917138,0.00023099347785838275
135.0,387268.7880075145,73.52352434799613,73.53766438222459,73.53058642432597,0.0002100313141032795
135.0,387268.7880075145,73.52352131974993,73.5376604607768,73.53058295042257,0.0002100313141032795
136.0,425995.66680826596,73.52479992680281,73.53765687666001,73.53122183691133,0.000190968285758322
136.0,425995.66680826596,73.52479710741912,73.53765331482364,73.53121864701448,0.000190968285758322
137.0,468595.2334890926,73.52595996886993,73.53765006122978,73.53179958793886,0.000173632888247952
137.0,468595.2334890926,73.52595735055178,73.53764682612103,73.5317966617642,0.000173632888247952
138.0,515454.7568380019,73.52701490307177,73.53764387246139,73.5323249013219,0.00015786900637193587
138.0,515454.7568380019,73.52701247687568,73.53764093413187,73.53232221946583,0.00015786900637193587
139.0,567000.2325218021,73.52797422330931,73.53763825262365,73.5328025292396,0.00014353455119237629
139.0,567000.2325218021,73.52797197954922,73.53763558382434,73.53280007326688,0.00014353455119237629
140.0,623700.2557739824,73.52884657118648,73.53763314924879,73.5332367944633,0.00013050021437943066
140.0,623700.2557739824,73.52884449975423,73.53763072520539,73.53323454695705,0.00013050021437943066
141.0,686070.2813513806,73.5296398115841,73.5376285146807,73.53363162893307,0.00011864833051833284
141.0,686070.2813513806,73.52963790220215,73.53762631288177,73.53362957351717,0.00011864833051833284
142.0,754677.3094865187,73.53036110170535,73.53762430565246,73.53399060891067,0.00010787183852304586
142.0,754677.3094865187,73.53035934412185,73.53762230565064,73.53398873024958,0.00010787183852304586
